label,train_duration,w_hd_to_hd_mode,eta_hd_to_hd,eta_hr_to_hd,tau_p_hd,tau_p_hr,k_vel,bump_final_abs_drift,darkness_rms_pi_error,darkness_final_abs_pi_error,darkness_mean_pi_error,velocity_gain,velocity_gain_intercept,hd_to_hd_local_symmetry_score,hd_to_hd_mean_source_offset,lhr_to_hd_mean_source_offset_abs,rhr_to_hd_mean_source_offset_abs
zero_20s,20.0,zeros,3.0,20.0,0.12,1.2,4.0,0.598818562163487,2.1876060693939636,2.1659594595768894,-0.6142131624351737,-1.8964473628095768e-14,2.655026307933409e-14,0.946387942395304,-0.3607031211003749,-0.5151684367252429,0.11134194572980396
zero_40s,40.0,zeros,3.0,20.0,0.12,1.2,4.0,0.606095552092162,2.189774410646094,2.1581808196034844,-0.6115279527577122,-1.7868748485139128e-15,2.1071637364550819e-16,0.9476750024916983,-0.3675241071538944,-0.5151679129874005,0.11161951981255015
zero_80s,80.0,zeros,3.0,20.0,0.12,1.2,4.0,0.6161258894213262,2.1929603227408485,2.1465762017839287,-0.6021993697085463,-4.551473670742986e-16,-1.2642982418730536e-16,0.9496853828794108,-0.3800163522712175,-0.5151672708968869,0.11183920880777384
zero_160s,160.0,zeros,3.0,20.0,0.12,1.2,4.0,0.6334415140860692,2.197089641562791,2.1313010831353507,-0.5861236860945743,-2.7426843193699403e-14,1.6593914424583803e-14,0.952059775971797,-0.3974258892324624,-0.5151663691077415,0.11199484235981998
local_kernel_40s,40.0,local_kernel,0.0,20.0,0.12,1.2,4.0,0.3220361136870089,2.2948274017134547,1.358729799852889,0.0023446177885467364,6.068631560990648e-16,-9.060804066756871e-16,0.9977965685312228,0.0002071395472421539,-0.49720673521149955,-2.6402048261962388
local_kernel_80s,80.0,local_kernel,0.0,20.0,0.12,1.2,4.0,0.42150721469218233,2.29495537356307,1.4254302462218797,-0.04850797730810385,1.0114385934984417e-16,-7.375073077592804e-16,0.9977965685312228,0.00020713954724223965,-0.4619752419381882,-2.640275739528485
strong_hr_80s,80.0,zeros,3.0,50.0,0.12,1.2,4.0,0.3725471841604193,2.137883935331265,2.325384634075969,-0.7257466637725797,-1.6520163693807868e-15,1.7489459012577225e-15,0.9416743226541767,-0.29490391657804355,-0.32873936894005407,0.03661289687544254
long_hr_trace_80s,80.0,zeros,3.0,20.0,0.12,2.0,4.0,0.9811670999235567,2.2573200668871007,1.8566484066166495,-0.38075202807703107,-2.0228771869968815e-16,-7.26971489077005e-16,0.9421106860490688,-0.40559064759790875,-0.6935116364288227,0.09198315427886881
