{
  "status": "diagnostic_only_no_pipeline_change",
  "question": "Do B2 smoothing variants explain positive real-part Jacobian modes at lambda=1e-6, c=1?",
  "fixed_parameters": {
    "activation_beta": 2.0,
    "regularization": 1e-06,
    "uniform_inhibition_c": 1.0,
    "n_bins": 100,
    "min_occupancy_s": 0.05,
    "sigma_candidates": [
      0.1,
      0.12589254117941673,
      0.15848931924611134,
      0.19952623149688797,
      0.251188643150958,
      0.31622776601683794,
      0.3981071705534973,
      0.5011872336272724,
      0.6309573444801934,
      0.7943282347242815,
      1.0,
      1.2589254117941675,
      1.584893192461114,
      1.9952623149688797,
      2.511886431509581,
      3.1622776601683795,
      3.981071705534973,
      5.011872336272725,
      6.309573444801933,
      7.943282347242818,
      10.0,
      12.589254117941675,
      15.848931924611142,
      19.952623149688808,
      25.11886431509582,
      31.622776601683793,
      39.810717055349734,
      50.11872336272725,
      63.095734448019364,
      79.43282347242821,
      100.0
    ]
  },
  "variants": {
    "unitwise_truncated": {
      "n_neurons": 1533,
      "n_angles": 100,
      "sigma_a": {
        "p0": 0.5011872336272724,
        "p1": 0.7943282347242815,
        "p5": 1.0,
        "p50": 1.9952623149688797,
        "p95": 3.981071705534973,
        "p99": 6.309573444801933,
        "p100": 100.0
      },
      "sigma_b": {
        "p0": 0.3981071705534973,
        "p1": 0.7943282347242815,
        "p5": 1.0,
        "p50": 1.9952623149688797,
        "p95": 3.981071705534973,
        "p99": 6.309573444801933,
        "p100": 100.0
      },
      "sigma_corr": 0.487780318850689,
      "zero_bins_per_unit": {
        "p50": 0.0,
        "p95": 0.0,
        "p99": 0.0,
        "p100": 0.0
      },
      "tuning": {
        "percentiles": {
          "p0": 2.269060056713893e-271,
          "p1": 4.859828499523166e-13,
          "p5": 0.0027051475368493976,
          "p50": 0.2914361207129804,
          "p95": 4.732963283007517,
          "p99": 7.3533659413778345,
          "p100": 12.961036710425333
        },
        "support_counts": {
          "lt_1e-12": {
            "count": 1564,
            "fraction": 0.01020221787345075
          },
          "lt_1e-10": {
            "count": 1823,
            "fraction": 0.011891715590345728
          },
          "lt_1e-08": {
            "count": 2189,
            "fraction": 0.014279191128506197
          },
          "lt_1e-06": {
            "count": 2854,
            "fraction": 0.018617090671885193
          },
          "lt_0.0001": {
            "count": 4237,
            "fraction": 0.027638617090671884
          }
        }
      },
      "doubly_normalized_tuning": {
        "percentiles": {
          "p0": 8.523330715552785e-13,
          "p1": 1.1767404771427102e-12,
          "p5": 0.0026950034957701906,
          "p50": 0.2912082424009905,
          "p95": 4.7355697720134335,
          "p99": 7.352786354081203,
          "p100": 12.876161635266229
        },
        "support_counts": {
          "lt_1e-12": {
            "count": 814,
            "fraction": 0.005309849967384214
          },
          "lt_1e-10": {
            "count": 1822,
            "fraction": 0.011885192433137638
          },
          "lt_1e-08": {
            "count": 2188,
            "fraction": 0.014272667971298109
          },
          "lt_1e-06": {
            "count": 2849,
            "fraction": 0.01858447488584475
          },
          "lt_0.0001": {
            "count": 4239,
            "fraction": 0.027651663405088064
          }
        },
        "neuron_mean": {
          "p0": 0.999999999954331,
          "p50": 0.9999999999989874,
          "p100": 1.0000000000494282
        },
        "angle_mean": {
          "p0": 0.9999999999999963,
          "p50": 0.9999999999999999,
          "p100": 1.0000000000000038
        }
      },
      "stability": [
        {
          "eps": 1e-12,
          "target_current": {
            "p0": -13.4689369676838,
            "p1": -13.387562814730341,
            "p5": -2.6102561985018156,
            "p50": -0.11763363366500298,
            "p95": 4.73553124874758,
            "p99": 7.352786148766045,
            "p100": 12.876161635266229
          },
          "factor_a_abs": {
            "p0": 0.000652341013379458,
            "p1": 0.7019494364569123,
            "p50": 85.69964094313679,
            "p95": 2743.6060009403136,
            "p99": 9609.144439292422,
            "p100": 165688.18152803314
          },
          "weight_abs": {
            "p0": 0.0,
            "p50": 0.0026974442819405198,
            "p95": 0.03415751795162338,
            "p99": 0.11134946612668054,
            "p100": 6.7432429752952885
          },
          "flow_residual_l2_div_sqrt_n": {
            "p0": 5.684591346541846e-05,
            "p1": 5.9959945045090726e-05,
            "p50": 0.00013120374640885647,
            "p95": 0.0003000836562693746,
            "p99": 0.0003519375862351938,
            "p100": 0.0003704232207016354
          },
          "sample_bins": [
            0,
            25,
            50,
            75
          ],
          "jacobian_max_real_c1": [
            0.4277945008802666,
            0.11045599028794983,
            0.06749188849072851,
            0.42311321733221874
          ],
          "jacobian_max_real_c1_max": 0.4277945008802666
        },
        {
          "eps": 1e-06,
          "target_current": {
            "p0": -6.561181188702081,
            "p1": -6.561181188702081,
            "p5": -2.6102561985018156,
            "p50": -0.11763363366500298,
            "p95": 4.73553124874758,
            "p99": 7.352786148766045,
            "p100": 12.876161635266229
          },
          "factor_a_abs": {
            "p0": 0.000652341013379458,
            "p1": 0.7046217755613269,
            "p50": 85.59333912826817,
            "p95": 2521.28191491964,
            "p99": 8207.603391457798,
            "p100": 96194.74622692747
          },
          "weight_abs": {
            "p0": 0.0,
            "p50": 0.0026757541472193225,
            "p95": 0.03169090191812406,
            "p99": 0.09875747983674255,
            "p100": 4.136256381243584
          },
          "flow_residual_l2_div_sqrt_n": {
            "p0": 4.565355990743749e-05,
            "p1": 4.579182881388688e-05,
            "p50": 0.00011495653576535549,
            "p95": 0.0002533178796283605,
            "p99": 0.0002698567560616577,
            "p100": 0.0002751148213952867
          },
          "sample_bins": [
            0,
            25,
            50,
            75
          ],
          "jacobian_max_real_c1": [
            0.13781759930226123,
            0.073266634020146,
            0.11334654222420104,
            0.24816990639860093
          ],
          "jacobian_max_real_c1_max": 0.24816990639860093
        }
      ]
    },
    "sessionwise_truncated": {
      "n_neurons": 1533,
      "n_angles": 100,
      "sigma_a": {
        "p0": 1.2589254117941675,
        "p1": 1.3567157459942514,
        "p5": 1.584893192461114,
        "p50": 1.9952623149688797,
        "p95": 2.511886431509581,
        "p99": 2.9671602915707393,
        "p100": 3.1622776601683795
      },
      "sigma_b": {
        "p0": 1.584893192461114,
        "p1": 1.584893192461114,
        "p5": 1.584893192461114,
        "p50": 1.9952623149688797,
        "p95": 2.8370820458389803,
        "p99": 3.7354334919249945,
        "p100": 3.981071705534973
      },
      "sigma_corr": 0.1555097369559708,
      "zero_bins_per_unit": {
        "p50": 0.0,
        "p95": 0.0,
        "p99": 0.0,
        "p100": 0.0
      },
      "tuning": {
        "percentiles": {
          "p0": 6.653150272788e-127,
          "p1": 1.2954920410590274e-11,
          "p5": 0.0027177787343079917,
          "p50": 0.28773437815020464,
          "p95": 4.757602233902511,