{
  "status": "diagnostic_only_no_pipeline_change",
  "target_source": "D:\\codefiles\\python\\diordered-circuits\\data\\processed\\figure3_abcd_weight_matrices.npz",
  "n_neurons": 1533,
  "n_angles": 100,
  "activation_beta": 2.0,
  "cases": [
    {
      "regularization": 1e-06,
      "inhibition_c": 0.5,
      "inverse_eps": 1e-12,
      "n_initial": 24,
      "seed": 20260531,
      "planned_duration_s": 30.0,
      "actual_duration_s": 0.451,
      "stopped_early": true,
      "target_flow_residual_median": 0.0069260612811992035,
      "target_flow_residual_max": 0.009556036976800642,
      "initial_distance_median": 0.05004473611569882,
      "initial_distance_max": 0.05246935171723489,
      "final_distance_median": 2573665.350925564,
      "final_distance_max": 95471878979.52264,
      "all_distance_max": 95471878979.52264,
      "max_abs_state": 1016549933056.0,
      "finite_trajectory": true,
      "elapsed_wall_s": 0.8122532000415958,
      "label": "paper_lambda"
    },
    {
      "regularization": 1e-06,
      "inhibition_c": 1.0,
      "inverse_eps": 1e-12,
      "n_initial": 24,
      "seed": 20260531,
      "planned_duration_s": 30.0,
      "actual_duration_s": 0.453,
      "stopped_early": true,
      "target_flow_residual_median": 0.0069260612811992035,
      "target_flow_residual_max": 0.009556036976800642,
      "initial_distance_median": 0.05004473611569882,
      "initial_distance_max": 0.05246935171723489,
      "final_distance_median": 2567673.778736882,
      "final_distance_max": 99664074959.99403,
      "all_distance_max": 99664074959.99403,
      "max_abs_state": 1051953266688.0,
      "finite_trajectory": true,
      "elapsed_wall_s": 0.8042411999776959,
      "label": "paper_lambda"
    },
    {
      "regularization": 1e-06,
      "inhibition_c": 2.0,
      "inverse_eps": 1e-12,
      "n_initial": 24,
      "seed": 20260531,
      "planned_duration_s": 30.0,
      "actual_duration_s": 0.456,
      "stopped_early": true,
      "target_flow_residual_median": 0.0069260612811992035,
      "target_flow_residual_max": 0.009556036976800642,
      "initial_distance_median": 0.05004473611569882,
      "initial_distance_max": 0.05246935171723489,
      "final_distance_median": 2419189.2449145783,
      "final_distance_max": 97709223537.1562,
      "all_distance_max": 97709223537.1562,
      "max_abs_state": 1013692497920.0,
      "finite_trajectory": true,
      "elapsed_wall_s": 0.7982123999972828,
      "label": "paper_lambda"
    },
    {
      "regularization": 1.5329999999999997e-05,
      "inhibition_c": 0.5,
      "inverse_eps": 1e-12,
      "n_initial": 24,
      "seed": 20260531,
      "planned_duration_s": 30.0,
      "actual_duration_s": 1.555,
      "stopped_early": true,
      "target_flow_residual_median": 0.009667288812748517,
      "target_flow_residual_max": 0.014408953324849852,
      "initial_distance_median": 0.05004473611569882,
      "initial_distance_max": 0.05246935171723489,
      "final_distance_median": 0.05753256904095279,
      "final_distance_max": 111075916628.7536,
      "all_distance_max": 111075916628.7536,
      "max_abs_state": 1007607087104.0,
      "finite_trajectory": true,
      "elapsed_wall_s": 2.6364505999954417,
      "label": "eq27_kernel_plus_1e-6_I_equivalent"
    },
    {
      "regularization": 1.5329999999999997e-05,
      "inhibition_c": 1.0,
      "inverse_eps": 1e-12,
      "n_initial": 24,
      "seed": 20260531,
      "planned_duration_s": 30.0,
      "actual_duration_s": 1.611,
      "stopped_early": true,
      "target_flow_residual_median": 0.009667288812748517,
      "target_flow_residual_max": 0.014408953324849852,
      "initial_distance_median": 0.05004473611569882,
      "initial_distance_max": 0.05246935171723489,
      "final_distance_median": 0.06231697435202026,
      "final_distance_max": 111334250826.38748,
      "all_distance_max": 111334250826.38748,
      "max_abs_state": 1000458223616.0,
      "finite_trajectory": true,
      "elapsed_wall_s": 2.714433800021652,
      "label": "eq27_kernel_plus_1e-6_I_equivalent"
    },
    {
      "regularization": 1.5329999999999997e-05,
      "inhibition_c": 2.0,
      "inverse_eps": 1e-12,
      "n_initial": 24,
      "seed": 20260531,
      "planned_duration_s": 30.0,
      "actual_duration_s": 1.719,
      "stopped_early": true,
      "target_flow_residual_median": 0.009667288812748517,
      "target_flow_residual_max": 0.014408953324849852,
      "initial_distance_median": 0.05004473611569882,
      "initial_distance_max": 0.05246935171723489,
      "final_distance_median": 0.0716539367621894,
      "final_distance_max": 112661992589.87296,
      "all_distance_max": 112661992589.87296,
      "max_abs_state": 1000051769344.0,
      "finite_trajectory": true,
      "elapsed_wall_s": 2.89409610000439,
      "label": "eq27_kernel_plus_1e-6_I_equivalent"
    },
    {
      "regularization": 3e-05,
      "inhibition_c": 0.5,
      "inverse_eps": 1e-12,
      "n_initial": 24,
      "seed": 20260531,
      "planned_duration_s": 30.0,
      "actual_duration_s": 2.212,
      "stopped_early": true,
      "target_flow_residual_median": 0.010529974527860175,
      "target_flow_residual_max": 0.015738579041266108,
      "initial_distance_median": 0.05004473611569882,
      "initial_distance_max": 0.05246935171723489,
      "final_distance_median": 0.02811035537742959,
      "final_distance_max": 125301928573.69943,
      "all_distance_max": 125301928573.69943,
      "max_abs_state": 1002271473664.0,
      "finite_trajectory": true,
      "elapsed_wall_s": 3.7402419000281952,
      "label": "lambda_3e-5"
    },
    {
      "regularization": 3e-05,
      "inhibition_c": 1.0,
      "inverse_eps": 1e-12,
      "n_initial": 24,
      "seed": 20260531,
      "planned_duration_s": 30.0,
      "actual_duration_s": 2.282,
      "stopped_early": true,
      "target_flow_residual_median": 0.010529974527860175,
      "target_flow_residual_max": 0.015738579041266108,
      "initial_distance_median": 0.05004473611569882,
      "initial_distance_max": 0.05246935171723489,
      "final_distance_median": 0.027140831182682686,
      "final_distance_max": 125174853197.69058,
      "all_distance_max": 125174853197.69058,
      "max_abs_state": 1006190067712.0,
      "finite_trajectory": true,
      "elapsed_wall_s": 3.826753599976655,
      "label": "lambda_3e-5"
    },
    {
      "regularization": 3e-05,
      "inhibition_c": 2.0,
      "inverse_eps": 1e-12,
      "n_initial": 24,
      "seed": 20260531,
      "planned_duration_s": 30.0,
      "actual_duration_s": 2.433,
      "stopped_early": true,
      "target_flow_residual_median": 0.010529974527860175,
      "target_flow_residual_max": 0.015738579041266108,
      "initial_distance_median": 0.05004473611569882,
      "initial_distance_max": 0.05246935171723489,
      "final_distance_median": 0.028612031022645135,
      "final_distance_max": 125880841094.51544,
      "all_distance_max": 125880841094.51544,
      "max_abs_state": 1006187970560.0,
      "finite_trajectory": true,
      "elapsed_wall_s": 4.064213000005111,
      "label": "lambda_3e-5"
    },
    {
      "regularization": 0.0001,
      "inhibition_c": 0.5,
      "inverse_eps": 1e-12,
      "n_initial": 24,
      "seed": 20260531,
      "planned_duration_s": 30.0,
      "actual_duration_s": 7.023000000000001,
      "stopped_early": true,
      "target_flow_residual_median": 0.012100398382662204,
      "target_flow_residual_max": 0.01844081153772085,
      "initial_distance_median": 0.05004473611569882,
      "initial_distance_max": 0.05246935171723489,
      "final_distance_median": 0.030509021190612676,
      "final_distance_max": 122454605523.41704,
      "all_distance_max": 122454605523.41704,
      "max_abs_state": 1000073723904.0,
      "finite_trajectory": true,
      "elapsed_wall_s": 11.650160100020003,
      "label": "lambda_1e-4"
    },
    {
      "regularization": 0.0001,
      "inhibition_c": 1.0,