{
  "status": "diagnostic_only_no_pipeline_change",
  "target_source": "D:\\codefiles\\python\\diordered-circuits\\data\\processed\\figure3_abcd_weight_matrices.npz",
  "n_neurons": 1533,
  "n_angles": 100,
  "activation_beta": 2.0,
  "cases": [
    {
      "regularization": 1e-06,
      "inhibition_c": 0.5,
      "inverse_eps": 1e-06,
      "n_initial": 24,
      "seed": 20260531,
      "planned_duration_s": 30.0,
      "actual_duration_s": 0.683,
      "stopped_early": true,
      "target_flow_residual_median": 0.005477922045929827,
      "target_flow_residual_max": 0.008074880892363908,
      "initial_distance_median": 0.050044736121698984,
      "initial_distance_max": 0.05246935119109159,
      "final_distance_median": 24790076.858915348,
      "final_distance_max": 100567228931.94395,
      "all_distance_max": 100567228931.94395,
      "max_abs_state": 1010192351232.0,
      "finite_trajectory": true,
      "elapsed_wall_s": 1.1913136000512168,
      "label": "paper_lambda"
    },
    {
      "regularization": 1e-06,
      "inhibition_c": 1.0,
      "inverse_eps": 1e-06,
      "n_initial": 24,
      "seed": 20260531,
      "planned_duration_s": 30.0,
      "actual_duration_s": 0.6950000000000001,
      "stopped_early": true,
      "target_flow_residual_median": 0.005477922045929827,
      "target_flow_residual_max": 0.008074880892363908,
      "initial_distance_median": 0.050044736121698984,
      "initial_distance_max": 0.05246935119109159,
      "final_distance_median": 27782210.23097107,
      "final_distance_max": 100189019331.63922,
      "all_distance_max": 100189019331.63922,
      "max_abs_state": 1021342449664.0,
      "finite_trajectory": true,
      "elapsed_wall_s": 1.1993224999750964,
      "label": "paper_lambda"
    },
    {
      "regularization": 1e-06,
      "inhibition_c": 2.0,
      "inverse_eps": 1e-06,
      "n_initial": 24,
      "seed": 20260531,
      "planned_duration_s": 30.0,
      "actual_duration_s": 0.727,
      "stopped_early": true,
      "target_flow_residual_median": 0.005477922045929827,
      "target_flow_residual_max": 0.008074880892363908,
      "initial_distance_median": 0.050044736121698984,
      "initial_distance_max": 0.05246935119109159,
      "final_distance_median": 39450217.24190947,
      "final_distance_max": 100457690341.45937,
      "all_distance_max": 100457690341.45937,
      "max_abs_state": 1032946253824.0,
      "finite_trajectory": true,
      "elapsed_wall_s": 1.2303919999976642,
      "label": "paper_lambda"
    },
    {
      "regularization": 1.5329999999999997e-05,
      "inhibition_c": 0.5,
      "inverse_eps": 1e-06,
      "n_initial": 24,
      "seed": 20260531,
      "planned_duration_s": 30.0,
      "actual_duration_s": 3.049,
      "stopped_early": true,
      "target_flow_residual_median": 0.00766908917542186,
      "target_flow_residual_max": 0.010942505934067056,
      "initial_distance_median": 0.050044736121698984,
      "initial_distance_max": 0.05246935119109159,
      "final_distance_median": 0.045873621739750084,
      "final_distance_max": 91054365578.10115,
      "all_distance_max": 91054365578.10115,
      "max_abs_state": 1008168992768.0,
      "finite_trajectory": true,
      "elapsed_wall_s": 5.079272700008005,
      "label": "eq27_kernel_plus_1e-6_I_equivalent"
    },
    {
      "regularization": 1.5329999999999997e-05,
      "inhibition_c": 1.0,
      "inverse_eps": 1e-06,
      "n_initial": 24,
      "seed": 20260531,
      "planned_duration_s": 30.0,
      "actual_duration_s": 3.3810000000000002,
      "stopped_early": true,
      "target_flow_residual_median": 0.00766908917542186,
      "target_flow_residual_max": 0.010942505934067056,
      "initial_distance_median": 0.050044736121698984,
      "initial_distance_max": 0.05246935119109159,
      "final_distance_median": 0.04059735931049911,
      "final_distance_max": 90682131015.69777,
      "all_distance_max": 90682131015.69777,
      "max_abs_state": 1002695819264.0,
      "finite_trajectory": true,
      "elapsed_wall_s": 5.628165500005707,
      "label": "eq27_kernel_plus_1e-6_I_equivalent"
    },
    {
      "regularization": 1.5329999999999997e-05,
      "inhibition_c": 2.0,
      "inverse_eps": 1e-06,
      "n_initial": 24,
      "seed": 20260531,
      "planned_duration_s": 30.0,
      "actual_duration_s": 4.414,
      "stopped_early": true,
      "target_flow_residual_median": 0.00766908917542186,
      "target_flow_residual_max": 0.010942505934067056,
      "initial_distance_median": 0.050044736121698984,
      "initial_distance_max": 0.05246935119109159,
      "final_distance_median": 0.06618765707063691,
      "final_distance_max": 90455341222.82777,
      "all_distance_max": 90455341222.82777,
      "max_abs_state": 1004635750400.0,
      "finite_trajectory": true,
      "elapsed_wall_s": 7.237779000017326,
      "label": "eq27_kernel_plus_1e-6_I_equivalent"
    },
    {
      "regularization": 3e-05,
      "inhibition_c": 0.5,
      "inverse_eps": 1e-06,
      "n_initial": 24,
      "seed": 20260531,
      "planned_duration_s": 30.0,
      "actual_duration_s": 4.539,
      "stopped_early": true,
      "target_flow_residual_median": 0.008272593702727118,
      "target_flow_residual_max": 0.011941245015816638,
      "initial_distance_median": 0.050044736121698984,
      "initial_distance_max": 0.05246935119109159,
      "final_distance_median": 0.021463674450004605,
      "final_distance_max": 94860597811.29555,
      "all_distance_max": 94860597811.29555,
      "max_abs_state": 1004098224128.0,
      "finite_trajectory": true,
      "elapsed_wall_s": 7.582423800020479,
      "label": "lambda_3e-5"
    },
    {
      "regularization": 3e-05,
      "inhibition_c": 1.0,
      "inverse_eps": 1e-06,
      "n_initial": 24,
      "seed": 20260531,
      "planned_duration_s": 30.0,
      "actual_duration_s": 5.0600000000000005,
      "stopped_early": true,
      "target_flow_residual_median": 0.008272593702727118,
      "target_flow_residual_max": 0.011941245015816638,
      "initial_distance_median": 0.050044736121698984,
      "initial_distance_max": 0.05246935119109159,
      "final_distance_median": 0.020186105505372833,
      "final_distance_max": 94059342853.68254,
      "all_distance_max": 94059342853.68254,
      "max_abs_state": 1002929717248.0,
      "finite_trajectory": true,
      "elapsed_wall_s": 8.41167260002112,
      "label": "lambda_3e-5"
    },
    {
      "regularization": 3e-05,
      "inhibition_c": 2.0,
      "inverse_eps": 1e-06,
      "n_initial": 24,
      "seed": 20260531,
      "planned_duration_s": 30.0,
      "actual_duration_s": 6.687,
      "stopped_early": true,
      "target_flow_residual_median": 0.008272593702727118,
      "target_flow_residual_max": 0.011941245015816638,
      "initial_distance_median": 0.050044736121698984,
      "initial_distance_max": 0.05246935119109159,
      "final_distance_median": 0.02387450595981569,
      "final_distance_max": 94725679034.36853,
      "all_distance_max": 94725679034.36853,
      "max_abs_state": 1000966782976.0,
      "finite_trajectory": true,
      "elapsed_wall_s": 11.071091699996032,
      "label": "lambda_3e-5"
    },
    {
      "regularization": 0.0001,
      "inhibition_c": 0.5,
      "inverse_eps": 1e-06,
      "n_initial": 24,
      "seed": 20260531,
      "planned_duration_s": 30.0,
      "actual_duration_s": 30.0,
      "stopped_early": false,
      "target_flow_residual_median": 0.009616551419849705,
      "target_flow_residual_max": 0.013930535936571443,
      "initial_distance_median": 0.050044736121698984,
      "initial_distance_max": 0.05246935119109159,
      "final_distance_median": 0.028650825691450943,
      "final_distance_max": 2.163790280148382,
      "all_distance_max": 2.266200164983231,
      "max_abs_state": 11.60551929473877,
      "finite_trajectory": true,
      "elapsed_wall_s": 49.49633590003941,
      "label": "lambda_1e-4"
    },
    {
      "regularization": 0.0001,