{
  "status": "diagnostic_only_no_pipeline_change",
  "question": "Does additional circular smoothing of the B2 target remove positive Jacobian modes?",
  "fixed_parameters": {
    "activation_beta": 2.0,
    "regularization": 1e-06,
    "uniform_inhibition_c": 1.0,
    "inverse_eps": 1e-12
  },
  "cases": [
    {
      "extra_sigma_bins": 0.0,
      "relative_l2_change_from_unsmoothed_phi": 0.0,
      "phi_percentiles": {
        "p0": 8.523330715552785e-13,
        "p1": 1.1767404771427102e-12,
        "p5": 0.0026950034957701906,
        "p50": 0.2912082424009905,
        "p95": 4.7355697720134335,
        "p99": 7.352786354081203,
        "p100": 12.876161635266229
      },
      "target_current_percentiles": {
        "p0": -13.4689369676838,
        "p1": -13.387562814730341,
        "p5": -2.6102561985018156,
        "p50": -0.11763363366500298,
        "p95": 4.73553124874758,
        "p99": 7.352786148766045,
        "p100": 12.876161635266229
      },
      "factor_a_abs": {
        "p0": 0.000652341013379458,
        "p1": 0.7019494364569123,
        "p50": 85.69964094313679,
        "p95": 2743.6060009403136,
        "p99": 9609.144439292422,
        "p100": 165688.18152803314
      },
      "weight_abs": {
        "p0": 0.0,
        "p50": 0.0026974442819405198,
        "p95": 0.03415751795162338,
        "p99": 0.11134946612668054,
        "p100": 6.7432429752952885
      },
      "flow_residual_l2_div_sqrt_n": {
        "p0": 5.684591346541846e-05,
        "p1": 5.9959945045090726e-05,
        "p50": 0.00013120374640885647,
        "p95": 0.0003000836562693746,
        "p99": 0.0003519375862351938,
        "p100": 0.0003704232207016354
      },
      "jacobian_max_real_c1": [
        0.4277945008802666,
        0.11045599028794983,
        0.06749188849072851,
        0.42311321733221874
      ],
      "jacobian_max_real_c1_max": 0.4277945008802666
    },
    {
      "extra_sigma_bins": 0.25,
      "relative_l2_change_from_unsmoothed_phi": 1.5946384788551217e-05,
      "phi_percentiles": {
        "p0": 8.523354116381316e-13,
        "p1": 1.1816507388269576e-12,
        "p5": 0.0026948531861001566,
        "p50": 0.2912177270976888,
        "p95": 4.735563102489096,
        "p99": 7.3526942206325065,
        "p100": 12.87559751847777
      },
      "target_current_percentiles": {
        "p0": -13.4689369676838,
        "p1": -13.385480771637637,
        "p5": -2.610284155497738,
        "p50": -0.11761214953684443,
        "p95": 4.735524578709202,
        "p99": 7.3526940152795115,
        "p100": 12.87559751847777
      },
      "factor_a_abs": {
        "p0": 0.00011679554747237673,
        "p1": 0.7061652313918936,
        "p50": 85.85406080754639,
        "p95": 2736.999751970896,
        "p99": 9398.397673680676,
        "p100": 112505.73322310153
      },
      "weight_abs": {
        "p0": 0.0,
        "p50": 0.0026971009320853057,
        "p95": 0.03406608217314689,
        "p99": 0.10998604848867803,
        "p100": 5.059329592775612
      },
      "flow_residual_l2_div_sqrt_n": {
        "p0": 5.331163875935541e-05,
        "p1": 5.9459329641388365e-05,
        "p50": 0.00012397537458716268,
        "p95": 0.0002736683731567061,
        "p99": 0.0002867034851612503,
        "p100": 0.0002903705441265191
      },
      "jacobian_max_real_c1": [
        0.37812045844585107,
        0.10508649142528537,
        0.0814900153989937,
        0.3693607809270212
      ],
      "jacobian_max_real_c1_max": 0.37812045844585107
    },
    {
      "extra_sigma_bins": 0.5,
      "relative_l2_change_from_unsmoothed_phi": 0.005106762505017191,
      "phi_percentiles": {
        "p0": 8.530810375439115e-13,
        "p1": 5.7103916195442515e-12,
        "p5": 0.002841917915042779,
        "p50": 0.2929450061550668,
        "p95": 4.726257996068821,
        "p99": 7.320690008128479,
        "p100": 12.695451585017992
      },
      "target_current_percentiles": {
        "p0": -13.4689369676838,
        "p1": -12.59779317888092,
        "p5": -2.5836428469948753,
        "p50": -0.11370804504857462,
        "p95": 4.726218748612597,
        "p99": 7.320689789201365,
        "p100": 12.695451585017992
      },
      "factor_a_abs": {
        "p0": 0.0005081370551676678,
        "p1": 1.1209302633544451,
        "p50": 148.925184281927,
        "p95": 5867.703968074746,
        "p99": 21810.761241997076,
        "p100": 331705.4709522103
      },
      "weight_abs": {
        "p0": 0.0,
        "p50": 0.0027525649134054753,
        "p95": 0.03903366808057457,
        "p99": 0.13878766977941626,
        "p100": 5.36015460278054
      },
      "flow_residual_l2_div_sqrt_n": {
        "p0": 9.891973689652292e-05,
        "p1": 0.00011175701636876928,
        "p50": 0.00027467279239348384,
        "p95": 0.0006382904187317598,
        "p99": 0.000731111149752625,
        "p100": 0.0007825146129262824
      },
      "jacobian_max_real_c1": [
        0.23405692131466305,
        0.1811111137665069,
        0.1595626877315679,
        0.3983293068215663
      ],
      "jacobian_max_real_c1_max": 0.3983293068215663
    },
    {
      "extra_sigma_bins": 1.0,
      "relative_l2_change_from_unsmoothed_phi": 0.02204244222416025,
      "phi_percentiles": {
        "p0": 8.578932111001894e-13,
        "p1": 3.613660284253236e-10,
        "p5": 0.0033024017708056645,
        "p50": 0.2991180324443444,
        "p95": 4.694653086631256,
        "p99": 7.208194326252432,
        "p100": 12.089913750422445
      },
      "target_current_percentiles": {
        "p0": -13.4689369676838,
        "p1": -10.523991280892758,
        "p5": -2.5083269363265353,
        "p50": -0.09989205162816381,
        "p95": 4.694611278158674,
        "p99": 7.208194052087362,
        "p100": 12.089913750422445
      },
      "factor_a_abs": {
        "p0": 0.00023854999497248137,
        "p1": 3.3461086705273213,
        "p50": 617.7431716787358,
        "p95": 40525.32500701319,
        "p99": 270960.42215994076,
        "p100": 2727438.0930064595
      },
      "weight_abs": {
        "p0": 0.0,
        "p50": 0.0028979982717783903,
        "p95": 0.06323412739678823,
        "p99": 0.2683484375356254,
        "p100": 8.268811620589986
      },
      "flow_residual_l2_div_sqrt_n": {
        "p0": 0.0024350221534038706,
        "p1": 0.002726965427140958,
        "p50": 0.005029323130520048,
        "p95": 0.007791345725483103,
        "p99": 0.008561569852232269,
        "p100": 0.008807413552329944
      },
      "jacobian_max_real_c1": [
        0.16142710991824405,
        0.1512600623819913,
        0.2954854229295032,
        1.3236816451160145
      ],
      "jacobian_max_real_c1_max": 1.3236816451160145
    },
    {
      "extra_sigma_bins": 1.5,
      "relative_l2_change_from_unsmoothed_phi": 0.04555535119669275,
      "phi_percentiles": {
        "p0": 8.707409556063987e-13,
        "p1": 1.8934203255644477e-08,
        "p5": 0.003871980348663138,
        "p50": 0.30806696892912444,
        "p95": 4.646112604469993,
        "p99": 7.051748672777318,
        "p100": 11.340580198864275
      },
      "target_current_percentiles": {
        "p0": -13.4689369676838,
        "p1": -8.544574434640934,
        "p5": -2.4284837659279535,
        "p50": -0.0802280676130153,
        "p95": 4.6460665334407345,
        "p99": 7.051748297891418,
        "p100": 11.340580198864275
      },
      "factor_a_abs": {
        "p0": 0.0009000159511243222,
        "p1": 3.5823713973803777,
        "p50": 817.5654507275458,
        "p95": 48739.30253341256,
        "p99": 351602.3568351573,
        "p100": 3702328.8201144068
      },
      "weight_abs": {
        "p0": 0.0,
        "p50": 0.002979845308387281,
        "p95": 0.06883269809669061,
        "p99": 0.284934027795321,
        "p100": 7.4438860247937555
      },
      "flow_residual_l2_div_sqrt_n": {
        "p0": 0.0031541869488251086,
        "p1": 0.0032838426459317087,
        "p50": 0.006320704974510735,