{
  "status": "diagnostic_only_no_pipeline_change",
  "question": "Would a pre-Sinkhorn firing-rate support floor remove positive Jacobian modes?",
  "fixed_parameters": {
    "activation_beta": 2.0,
    "regularization": 1e-06,
    "uniform_inhibition_c": 1.0,
    "inverse_eps": 1e-12
  },
  "cases": [
    {
      "firing_rate_floor": 0.0,
      "inverse_eps": 1e-12,
      "relative_l2_change_from_unfloored_phi": 0.0,
      "phi_percentiles": {
        "p0": 8.523330715552785e-13,
        "p1": 1.1767404771427102e-12,
        "p5": 0.0026950034957701906,
        "p50": 0.2912082424009905,
        "p95": 4.7355697720134335,
        "p99": 7.352786354081203,
        "p100": 12.876161635266229
      },
      "target_current_percentiles": {
        "p0": -13.4689369676838,
        "p1": -13.387562814730341,
        "p5": -2.6102561985018156,
        "p50": -0.11763363366500298,
        "p95": 4.73553124874758,
        "p99": 7.352786148766045,
        "p100": 12.876161635266229
      },
      "factor_a_abs": {
        "p0": 0.000652341013379458,
        "p1": 0.7019494364569123,
        "p50": 85.69964094313679,
        "p95": 2743.6060009403136,
        "p99": 9609.144439292422,
        "p100": 165688.18152803314
      },
      "weight_abs": {
        "p0": 0.0,
        "p50": 0.0026974442819405198,
        "p95": 0.03415751795162338,
        "p99": 0.11134946612668054,
        "p100": 6.7432429752952885
      },
      "flow_residual_l2_div_sqrt_n": {
        "p0": 5.684591346541846e-05,
        "p1": 5.9959945045090726e-05,
        "p50": 0.00013120374640885647,
        "p95": 0.0003000836562693746,
        "p99": 0.0003519375862351938,
        "p100": 0.0003704232207016354
      },
      "jacobian_max_real_c1": [
        0.4277945008802666,
        0.11045599028794983,
        0.06749188849072851,
        0.42311321733221874
      ],
      "jacobian_max_real_c1_max": 0.4277945008802666
    },
    {
      "firing_rate_floor": 1e-12,
      "inverse_eps": 1e-12,
      "relative_l2_change_from_unfloored_phi": 0.0,
      "phi_percentiles": {
        "p0": 8.523330715552785e-13,
        "p1": 1.1767404771427102e-12,
        "p5": 0.0026950034957701906,
        "p50": 0.2912082424009905,
        "p95": 4.7355697720134335,
        "p99": 7.352786354081203,
        "p100": 12.876161635266229
      },
      "target_current_percentiles": {
        "p0": -13.4689369676838,
        "p1": -13.387562814730341,
        "p5": -2.6102561985018156,
        "p50": -0.11763363366500298,
        "p95": 4.73553124874758,
        "p99": 7.352786148766045,
        "p100": 12.876161635266229
      },
      "factor_a_abs": {
        "p0": 0.000652341013379458,
        "p1": 0.7019494364569123,
        "p50": 85.69964094313679,
        "p95": 2743.6060009403136,
        "p99": 9609.144439292422,
        "p100": 165688.18152803314
      },
      "weight_abs": {
        "p0": 0.0,
        "p50": 0.0026974442819405198,
        "p95": 0.03415751795162338,
        "p99": 0.11134946612668054,
        "p100": 6.7432429752952885
      },
      "flow_residual_l2_div_sqrt_n": {
        "p0": 5.684591346541846e-05,
        "p1": 5.9959945045090726e-05,
        "p50": 0.00013120374640885647,
        "p95": 0.0003000836562693746,
        "p99": 0.0003519375862351938,
        "p100": 0.0003704232207016354
      },
      "jacobian_max_real_c1": [
        0.4277945008802666,
        0.11045599028794983,
        0.06749188849072851,
        0.42311321733221874
      ],
      "jacobian_max_real_c1_max": 0.4277945008802666
    },
    {
      "firing_rate_floor": 1e-10,
      "inverse_eps": 1e-12,
      "relative_l2_change_from_unfloored_phi": 1.0170777247355697e-11,
      "phi_percentiles": {
        "p0": 8.486983219035146e-11,
        "p1": 1.0936466406506538e-10,
        "p5": 0.00269500349577305,
        "p50": 0.29120824240112986,
        "p95": 4.735569772013764,
        "p99": 7.352786354080328,
        "p100": 12.876161634487184
      },
      "target_current_percentiles": {
        "p0": -11.24837761927965,
        "p1": -11.121593047511812,
        "p5": -2.6102561985012835,
        "p50": -0.11763363366468732,
        "p95": 4.73553124874791,
        "p99": 7.35278614876517,
        "p100": 12.876161634487184
      },
      "factor_a_abs": {
        "p0": 0.0006522678171788183,
        "p1": 0.7023157582292986,
        "p50": 85.82045624579686,
        "p95": 2696.2380350477742,
        "p99": 9470.872919282114,
        "p100": 115666.62700635791
      },
      "weight_abs": {
        "p0": 0.0,
        "p50": 0.002695869197965939,
        "p95": 0.03392259068722368,
        "p99": 0.11124610097956476,
        "p100": 5.7875412510986735
      },
      "flow_residual_l2_div_sqrt_n": {
        "p0": 5.602982105430269e-05,
        "p1": 5.640385969831595e-05,
        "p50": 0.00014275827044829165,
        "p95": 0.00030336926625312323,
        "p99": 0.00031802091475202073,
        "p100": 0.00034219010894246375
      },
      "jacobian_max_real_c1": [
        0.2790074079643672,
        0.18297166431974432,
        0.12871060217553731,
        0.427419250742731
      ],
      "jacobian_max_real_c1_max": 0.427419250742731
    },
    {
      "firing_rate_floor": 1e-08,
      "inverse_eps": 1e-12,
      "relative_l2_change_from_unfloored_phi": 1.1273041926214643e-09,
      "phi_percentiles": {
        "p0": 8.3403266683803e-09,
        "p1": 1.050817016480274e-08,
        "p5": 0.0026950034959747488,
        "p50": 0.2912082424143965,
        "p95": 4.735569772045013,
        "p99": 7.352786354034193,
        "p100": 12.876161552566977
      },
      "target_current_percentiles": {
        "p0": -8.954508131786012,
        "p1": -8.838982790486304,
        "p5": -2.610256198463764,
        "p50": -0.11763363363463392,
        "p95": 4.735531248779162,
        "p99": 7.352786148719035,
        "p100": 12.876161552566977
      },
      "factor_a_abs": {
        "p0": 0.000650487609580792,
        "p1": 0.7015797001490846,
        "p50": 85.51694666793938,
        "p95": 2545.9338616703485,
        "p99": 8229.681539804815,
        "p100": 120173.39407563397
      },
      "weight_abs": {
        "p0": 0.0,
        "p50": 0.0026865953656289854,
        "p95": 0.03270736473071456,
        "p99": 0.10306668582924546,
        "p100": 5.96617990489176
      },
      "flow_residual_l2_div_sqrt_n": {
        "p0": 4.956106951763258e-05,
        "p1": 5.115872962143871e-05,
        "p50": 0.00011537664102710445,
        "p95": 0.0002334834597716653,
        "p99": 0.0002870496421024133,
        "p100": 0.0002996522658305086
      },
      "jacobian_max_real_c1": [
        0.2634010885987621,
        0.16289521910682003,
        0.10920193237593256,
        0.20033199145008362
      ],
      "jacobian_max_real_c1_max": 0.2634010885987621
    },
    {
      "firing_rate_floor": 1e-06,
      "inverse_eps": 1e-12,
      "relative_l2_change_from_unfloored_phi": 1.264349655473954e-07,
      "phi_percentiles": {
        "p0": 8.339449821383407e-07,
        "p1": 1.0045607726606413e-06,
        "p5": 0.002695003510188373,
        "p50": 0.29120824377130355,
        "p95": 4.735569751577857,
        "p99": 7.352786349334193,
        "p100": 12.876153014357325
      },
      "target_current_percentiles": {
        "p0": -6.651975195458856,
        "p1": -6.5589059844959055,
        "p5": -2.6102561958199137,
        "p50": -0.11763363056081311,
        "p95": 4.735531228310428,
        "p99": 7.352786144019033,
        "p100": 12.876153014357325
      },
      "factor_a_abs": {
        "p0": 0.0006759880307419322,
        "p1": 0.7042221256731619,
        "p50": 85.46136579736952,
        "p95": 2522.3570058112678,
        "p99": 8198.206960840613,
        "p100": 94349.0819850475
      },
      "weight_abs": {
        "p0": 0.0,
        "p50": 0.002675229923021341,
        "p95": 0.03165719992008862,
        "p99": 0.0988015902124749,
        "p100": 4.1553792260417595
      },